TIME,Cause of Death,Value
2001,All causes of death (A00-Y89) excluding S00-T98,277 858
2001,Certain infectious and parasitic diseases (A00-B99),5 347
2001,Tuberculosis,545
2001,Meningococcal infection,30
2001,Viral hepatitis,471
2001,Human immunodeficiency virus [HIV] disease,892
2001,Neoplasms,91 737
2001,Malignant neoplasms (C00-C97),88 481
2001,Malignant neoplasm of lip  oral cavity  pharynx,3 755
2001,Malignant neoplasm of oesophagus,3 442
2001,Malignant neoplasm of stomach,3 213
2001,Malignant neoplasm of colon,6 274
2001,Malignant neoplasm of rectosigmoid junction  rectum  anus and anal canal,2 242
2001,Malignant neoplasm of liver and intrahepatic bile ducts,5 258
2001,Malignant neoplasm of pancreas,3 788
2001,Malignant neoplasm of larynx   trachea  bronchus and lung,22 457
2001,Malignant melanoma of skin,761
2001,Malignant neoplasm of breast,177
2001,Malignant neoplasm of cervix uteri,:
2001,Malignant neoplasm of other parts of uterus,:
2001,Malignant neoplasm of ovary,:
2001,Malignant neoplasm of prostate,9 327
2001,Malignant neoplasm of kidney  except renal pelvis,1 937
2001,Malignant neoplasm of bladder,3 231
2001,Malignant neoplasms  stated or presumed to be primary  of lymphoid  haematopoietic and related tissue,6 863
2001,Diseases of the blood and blood-forming organs and certain disorders involving the immune mechanism,1 000
2001,Endocrine  nutritional and metabolic diseases (E00-E90),8 356
2001,Diabetes mellitus,5 318
2001,Mental and behavioural disorders (F00-F99),7 468
2001,Mental and behavioural disorders due to use of alcohol,2 523
2001,Drug dependence  toxicomania (F11-F16  F18-F19),127
2001,Diseases of the nervous system and the sense organs (G00-H95),9 497
2001,Meningitis,80
2001,Diseases of the circulatory system (I00-I99),75 350
2001,Ischaemic heart diseases,24 913
2001,Other heart diseases (I30-I33  I39-I52),19 513
2001,Cerebrovascular diseases,16 223
2001,Diseases of the respiratory system (J00-J99),17 292
2001,Influenza,76
2001,Pneumonia,4 947
2001,Chronic lower respiratory diseases,5 566
2001,Asthma and status asthmaticus,647
2001,Diseases of the digestive system (K00-K93),13 226
2001,Ulcer of stomach  duodenum and jejunum,486
2001,Chronic liver disease,6 174
2001,Diseases of the skin and subcutaneous tissue (L00-L99),628
2001,Diseases of the musculoskeletal system and connective tissue (M00-M99),1 387
2001,Rheumatoid arthritis and arthrosis (M05-M06 M15-M19),164
2001,Diseases of the genitourinary system  (N00-N99),3 698
2001,Diseases of kidney and ureter,2 809
2001,Pregnancy  childbirth and the puerperium (O00-O99),:
2001,Certain conditions originating in the perinatal period (P00-P96),1 006
2001,Congenital malformations  deformations and chromosomal abnormalities (Q00-Q99),892
2001,Congenital malformations of the nervous system,88
2001,Congenital malformations of the circulatory system,329
2001,Symptoms  signs and abnormal clinical and laboratory findings  not elsewhere classified (R00-R99),15 872
2001,Sudden infant death syndrome,229
2001,Ill-defined and unknown causes of mortality,7 726
2001,External causes of morbidity and mortality (V01-Y89),25 102
2001,Accidents,15 867
2001,Transport accidents (V01-V99),5 840
2001,Falls,2 546
2001,Accidental poisoning by and exposure to noxious substances,459
2001,Intentional self-harm,7 798
2001,Assault,324
2001,Event of undetermined intent,553
2001,All causes of death (A00-Y89) excluding S00-T98,263 325
2001,Certain infectious and parasitic diseases (A00-B99),5 157
2001,Tuberculosis,516
2001,Meningococcal infection,15
2001,Viral hepatitis,439
2001,Human immunodeficiency virus [HIV] disease,248
2001,Neoplasms,61 421
2001,Malignant neoplasms (C00-C97),58 262
2001,Malignant neoplasm of lip  oral cavity  pharynx,738
2001,Malignant neoplasm of oesophagus,699
2001,Malignant neoplasm of stomach,2 020
2001,Malignant neoplasm of colon,5 786
2001,Malignant neoplasm of rectosigmoid junction  rectum  anus and anal canal,1 780
2001,Malignant neoplasm of liver and intrahepatic bile ducts,1 705
2001,Malignant neoplasm of pancreas,3 554
2001,Malignant neoplasm of larynx   trachea  bronchus and lung,4 624
2001,Malignant melanoma of skin,631
2001,Malignant neoplasm of breast,11 088
2001,Malignant neoplasm of cervix uteri,793
2001,Malignant neoplasm of other parts of uterus,2 192
2001,Malignant neoplasm of ovary,3 260
2001,Malignant neoplasm of prostate,:
2001,Malignant neoplasm of kidney  except renal pelvis,1 125
2001,Malignant neoplasm of bladder,1 029
2001,Malignant neoplasms  stated or presumed to be primary  of lymphoid  haematopoietic and related tissue,5 976
2001,Diseases of the blood and blood-forming organs and certain disorders involving the immune mechanism,1 292
2001,Endocrine  nutritional and metabolic diseases (E00-E90),11 668
2001,Diabetes mellitus,6 223
2001,Mental and behavioural disorders (F00-F99),10 527
2001,Mental and behavioural disorders due to use of alcohol,589
2001,Drug dependence  toxicomania (F11-F16  F18-F19),36
2001,Diseases of the nervous system and the sense organs (G00-H95),12 230
2001,Meningitis,81
2001,Diseases of the circulatory system (I00-I99),87 725
2001,Ischaemic heart diseases,20 125
2001,Other heart diseases (I30-I33  I39-I52),26 190
2001,Cerebrovascular diseases,22 599
2001,Diseases of the respiratory system (J00-J99),15 332
2001,Influenza,100
2001,Pneumonia,5 773
2001,Chronic lower respiratory diseases,3 291
2001,Asthma and status asthmaticus,871
2001,Diseases of the digestive system (K00-K93),11 428
2001,Ulcer of stomach  duodenum and jejunum,517
2001,Chronic liver disease,2 602
2001,Diseases of the skin and subcutaneous tissue (L00-L99),1 587
2001,Diseases of the musculoskeletal system and connective tissue (M00-M99),2 518
2001,Rheumatoid arthritis and arthrosis (M05-M06 M15-M19),575
2001,Diseases of the genitourinary system  (N00-N99),3 994
2001,Diseases of kidney and ureter,3 056
2001,Pregnancy  childbirth and the puerperium (O00-O99),61
2001,Certain conditions originating in the perinatal period (P00-P96),748
2001,Congenital malformations  deformations and chromosomal abnormalities (Q00-Q99),798
2001,Congenital malformations of the nervous system,92
2001,Congenital malformations of the circulatory system,312
2001,Symptoms  signs and abnormal clinical and laboratory findings  not elsewhere classified (R00-R99),19 862
2001,Sudden infant death syndrome,123
2001,Ill-defined and unknown causes of mortality,6 249
2001,External causes of morbidity and mortality (V01-Y89),16 977
2001,Accidents,13 165
2001,Transport accidents (V01-V99),2 125
2001,Falls,2 791
2001,Accidental poisoning by and exposure to noxious substances,496
2001,Intentional self-harm,2 827
2001,Assault,210
2001,Event of undetermined intent,202
2002,All causes of death (A00-Y89) excluding S00-T98,278 794
2002,Certain infectious and parasitic diseases (A00-B99),5 468
2002,Tuberculosis,507
2002,Meningococcal infection,21
2002,Viral hepatitis,472
2002,Human immunodeficiency virus [HIV] disease,835
2002,Neoplasms,92 331
2002,Malignant neoplasms (C00-C97),89 122
2002,Malignant neoplasm of lip  oral cavity  pharynx,3 834
2002,Malignant neoplasm of oesophagus,3 509
2002,Malignant neoplasm of stomach,3 256
2002,Malignant neoplasm of colon,6 267
2002,Malignant neoplasm of rectosigmoid junction  rectum  anus and anal canal,2 365
2002,Malignant neoplasm of liver and intrahepatic bile ducts,5 231
2002,Malignant neoplasm of pancreas,3 875
2002,Malignant neoplasm of larynx   trachea  bronchus and lung,22 533
2002,Malignant melanoma of skin,733
2002,Malignant neoplasm of breast,188
2002,Malignant neoplasm of cervix uteri,:
2002,Malignant neoplasm of other parts of uterus,:
2002,Malignant neoplasm of ovary,:
2002,Malignant neoplasm of prostate,9 526
2002,Malignant neoplasm of kidney  except renal pelvis,1 929
2002,Malignant neoplasm of bladder,3 306
2002,Malignant neoplasms  stated or presumed to be primary  of lymphoid  haematopoietic and related tissue,6 703
2002,Diseases of the blood and blood-forming organs and certain disorders involving the immune mechanism,1 023
2002,Endocrine  nutritional and metabolic diseases (E00-E90),8 366
2002,Diabetes mellitus,5 195
2002,Mental and behavioural disorders (F00-F99),7 476
2002,Mental and behavioural disorders due to use of alcohol,2 559
2002,Drug dependence  toxicomania (F11-F16  F18-F19),121
2002,Diseases of the nervous system and the sense organs (G00-H95),9 773
2002,Meningitis,96
2002,Diseases of the circulatory system (I00-I99),74 756
2002,Ischaemic heart diseases,24 569
2002,Other heart diseases (I30-I33  I39-I52),19 657
2002,Cerebrovascular diseases,15 948
2002,Diseases of the respiratory system (J00-J99),17 849
2002,Influenza,219
2002,Pneumonia,5 214
2002,Chronic lower respiratory diseases,5 656
2002,Asthma and status asthmaticus,559
2002,Diseases of the digestive system (K00-K93),13 000
2002,Ulcer of stomach  duodenum and jejunum,493
2002,Chronic liver disease,6 037
2002,Diseases of the skin and subcutaneous tissue (L00-L99),634
2002,Diseases of the musculoskeletal system and connective tissue (M00-M99),1 315
2002,Rheumatoid arthritis and arthrosis (M05-M06 M15-M19),150
2002,Diseases of the genitourinary system  (N00-N99),3 984
2002,Diseases of kidney and ureter,3 099
2002,Pregnancy  childbirth and the puerperium (O00-O99),:
2002,Certain conditions originating in the perinatal period (P00-P96),947
2002,Congenital malformations  deformations and chromosomal abnormalities (Q00-Q99),777
2002,Congenital malformations of the nervous system,65
2002,Congenital malformations of the circulatory system,321
2002,Symptoms  signs and abnormal clinical and laboratory findings  not elsewhere classified (R00-R99),16 071
2002,Sudden infant death syndrome,183
2002,Ill-defined and unknown causes of mortality,7 475
2002,External causes of morbidity and mortality (V01-Y89),25 024
2002,Accidents,15 515
2002,Transport accidents (V01-V99),5 672
2002,Falls,2 673
2002,Accidental poisoning by and exposure to noxious substances,405
2002,Intentional self-harm,7 865
2002,Assault,325
2002,Event of undetermined intent,594
2002,All causes of death (A00-Y89) excluding S00-T98,266 555
2002,Certain infectious and parasitic diseases (A00-B99),5 194
2002,Tuberculosis,462
2002,Meningococcal infection,15
2002,Viral hepatitis,405
2002,Human immunodeficiency virus [HIV] disease,257
2002,Neoplasms,62 599
2002,Malignant neoplasms (C00-C97),59 385
2002,Malignant neoplasm of lip  oral cavity  pharynx,796
2002,Malignant neoplasm of oesophagus,759
2002,Malignant neoplasm of stomach,2 031
2002,Malignant neoplasm of colon,5 867
2002,Malignant neoplasm of rectosigmoid junction  rectum  anus and anal canal,1 792
2002,Malignant neoplasm of liver and intrahepatic bile ducts,1 788
2002,Malignant neoplasm of pancreas,3 659
2002,Malignant neoplasm of larynx   trachea  bronchus and lung,5 091
2002,Malignant melanoma of skin,666
2002,Malignant neoplasm of breast,11 301
2002,Malignant neoplasm of cervix uteri,727
2002,Malignant neoplasm of other parts of uterus,2 214
2002,Malignant neoplasm of ovary,3 334
2002,Malignant neoplasm of prostate,:
2002,Malignant neoplasm of kidney  except renal pelvis,1 143
2002,Malignant neoplasm of bladder,1 019
2002,Malignant neoplasms  stated or presumed to be primary  of lymphoid  haematopoietic and related tissue,6 024
2002,Diseases of the blood and blood-forming organs and certain disorders involving the immune mechanism,1 229
2002,Endocrine  nutritional and metabolic diseases (E00-E90),12 047
2002,Diabetes mellitus,6 517
2002,Mental and behavioural disorders (F00-F99),10 733
2002,Mental and behavioural disorders due to use of alcohol,625
2002,Drug dependence  toxicomania (F11-F16  F18-F19),25
2002,Diseases of the nervous system and the sense organs (G00-H95),13 225
2002,Meningitis,92
2002,Diseases of the circulatory system (I00-I99),86 365
2002,Ischaemic heart diseases,19 549
2002,Other heart diseases (I30-I33  I39-I52),26 604
2002,Cerebrovascular diseases,21 835
2002,Diseases of the respiratory system (J00-J99),16 378
2002,Influenza,337
2002,Pneumonia,6 097
2002,Chronic lower respiratory diseases,3 390
2002,Asthma and status asthmaticus,872
2002,Diseases of the digestive system (K00-K93),11 529
2002,Ulcer of stomach  duodenum and jejunum,446
2002,Chronic liver disease,2 600
2002,Diseases of the skin and subcutaneous tissue (L00-L99),1 585
2002,Diseases of the musculoskeletal system and connective tissue (M00-M99),2 630
2002,Rheumatoid arthritis and arthrosis (M05-M06 M15-M19),583
2002,Diseases of the genitourinary system  (N00-N99),4 191
2002,Diseases of kidney and ureter,3 251
2002,Pregnancy  childbirth and the puerperium (O00-O99),81
2002,Certain conditions originating in the perinatal period (P00-P96),698
2002,Congenital malformations  deformations and chromosomal abnormalities (Q00-Q99),703
2002,Congenital malformations of the nervous system,54
2002,Congenital malformations of the circulatory system,286
2002,Symptoms  signs and abnormal clinical and laboratory findings  not elsewhere classified (R00-R99),20 475
2002,Sudden infant death syndrome,115
2002,Ill-defined and unknown causes of mortality,5 982
2002,External causes of morbidity and mortality (V01-Y89),16 893
2002,Accidents,12 693
2002,Transport accidents (V01-V99),1 930
2002,Falls,2 790
2002,Accidental poisoning by and exposure to noxious substances,458
2002,Intentional self-harm,2 945
2002,Assault,211
2002,Event of undetermined intent,232
2003,All causes of death (A00-Y89) excluding S00-T98,284 729
2003,Certain infectious and parasitic diseases (A00-B99),5 616
2003,Tuberculosis,518
2003,Meningococcal infection,26
2003,Viral hepatitis,406
2003,Human immunodeficiency virus [HIV] disease,794
2003,Neoplasms,92 631
2003,Malignant neoplasms (C00-C97),89 397
2003,Malignant neoplasm of lip  oral cavity  pharynx,3 635
2003,Malignant neoplasm of oesophagus,3 401
2003,Malignant neoplasm of stomach,3 174
2003,Malignant neoplasm of colon,6 314
2003,Malignant neoplasm of rectosigmoid junction  rectum  anus and anal canal,2 325
2003,Malignant neoplasm of liver and intrahepatic bile ducts,5 321
2003,Malignant neoplasm of pancreas,3 946
2003,Malignant neoplasm of larynx   trachea  bronchus and lung,22 700
2003,Malignant melanoma of skin,764
2003,Malignant neoplasm of breast,188
2003,Malignant neoplasm of cervix uteri,:
2003,Malignant neoplasm of other parts of uterus,:
2003,Malignant neoplasm of ovary,:
2003,Malignant neoplasm of prostate,9 695
2003,Malignant neoplasm of kidney  except renal pelvis,2 001
2003,Malignant neoplasm of bladder,3 490
2003,Malignant neoplasms  stated or presumed to be primary  of lymphoid  haematopoietic and related tissue,6 797
2003,Diseases of the blood and blood-forming organs and certain disorders involving the immune mechanism,976
2003,Endocrine  nutritional and metabolic diseases (E00-E90),9 403
2003,Diabetes mellitus,5 611
2003,Mental and behavioural disorders (F00-F99),7 841
2003,Mental and behavioural disorders due to use of alcohol,2 552
2003,Drug dependence  toxicomania (F11-F16  F18-F19),120
2003,Diseases of the nervous system and the sense organs (G00-H95),10 897
2003,Meningitis,82
2003,Diseases of the circulatory system (I00-I99),75 040
2003,Ischaemic heart diseases,24 213
2003,Other heart diseases (I30-I33  I39-I52),20 036
2003,Cerebrovascular diseases,16 120
2003,Diseases of the respiratory system (J00-J99),18 939
2003,Influenza,192
2003,Pneumonia,5 514
2003,Chronic lower respiratory diseases,6 108
2003,Asthma and status asthmaticus,516
2003,Diseases of the digestive system (K00-K93),13 453
2003,Ulcer of stomach  duodenum and jejunum,501
2003,Chronic liver disease,6 122
2003,Diseases of the skin and subcutaneous tissue (L00-L99),613
2003,Diseases of the musculoskeletal system and connective tissue (M00-M99),1 288
2003,Rheumatoid arthritis and arthrosis (M05-M06 M15-M19),155
2003,Diseases of the genitourinary system  (N00-N99),4 121
2003,Diseases of kidney and ureter,3 139
2003,Pregnancy  childbirth and the puerperium (O00-O99),:
2003,Certain conditions originating in the perinatal period (P00-P96),910
2003,Congenital malformations  deformations and chromosomal abnormalities (Q00-Q99),858
2003,Congenital malformations of the nervous system,77
2003,Congenital malformations of the circulatory system,341
2003,Symptoms  signs and abnormal clinical and laboratory findings  not elsewhere classified (R00-R99),17 010
2003,Sudden infant death syndrome,173
2003,Ill-defined and unknown causes of mortality,7 523
2003,External causes of morbidity and mortality (V01-Y89),25 133
2003,Accidents,15 299
2003,Transport accidents (V01-V99),4 811
2003,Falls,2 788
2003,Accidental poisoning by and exposure to noxious substances,513
2003,Intentional self-harm,8 187
2003,Assault,306
2003,Event of undetermined intent,506
2003,All causes of death (A00-Y89) excluding S00-T98,277 858
2003,Certain infectious and parasitic diseases (A00-B99),5 781
2003,Tuberculosis,441
2003,Meningococcal infection,18
2003,Viral hepatitis,329
2003,Human immunodeficiency virus [HIV] disease,250
2003,Neoplasms,63 145
2003,Malignant neoplasms (C00-C97),59 885
2003,Malignant neoplasm of lip  oral cavity  pharynx,707
2003,Malignant neoplasm of oesophagus,690
2003,Malignant neoplasm of stomach,1 878
2003,Malignant neoplasm of colon,6 082
2003,Malignant neoplasm of rectosigmoid junction  rectum  anus and anal canal,1 857
2003,Malignant neoplasm of liver and intrahepatic bile ducts,1 856
2003,Malignant neoplasm of pancreas,3 577
2003,Malignant neoplasm of larynx   trachea  bronchus and lung,5 422
2003,Malignant melanoma of skin,684
2003,Malignant neoplasm of breast,11 276
2003,Malignant neoplasm of cervix uteri,782
2003,Malignant neoplasm of other parts of uterus,2 299
2003,Malignant neoplasm of ovary,3 279
2003,Malignant neoplasm of prostate,:
2003,Malignant neoplasm of kidney  except renal pelvis,1 158
2003,Malignant neoplasm of bladder,1 091
2003,Malignant neoplasms  stated or presumed to be primary  of lymphoid  haematopoietic and related tissue,6 075
2003,Diseases of the blood and blood-forming organs and certain disorders involving the immune mechanism,1 360
2003,Endocrine  nutritional and metabolic diseases (E00-E90),14 081
2003,Diabetes mellitus,6 744
2003,Mental and behavioural disorders (F00-F99),11 487
2003,Mental and behavioural disorders due to use of alcohol,656
2003,Drug dependence  toxicomania (F11-F16  F18-F19),31
2003,Diseases of the nervous system and the sense organs (G00-H95),15 098
2003,Meningitis,67
2003,Diseases of the circulatory system (I00-I99),87 738
2003,Ischaemic heart diseases,19 741
2003,Other heart diseases (I30-I33  I39-I52),27 084
2003,Cerebrovascular diseases,22 116
2003,Diseases of the respiratory system (J00-J99),17 572
2003,Influenza,283
2003,Pneumonia,6 578
2003,Chronic lower respiratory diseases,3 714
2003,Asthma and status asthmaticus,895
2003,Diseases of the digestive system (K00-K93),11 556
2003,Ulcer of stomach  duodenum and jejunum,481
2003,Chronic liver disease,2 479
2003,Diseases of the skin and subcutaneous tissue (L00-L99),1 680
2003,Diseases of the musculoskeletal system and connective tissue (M00-M99),2 594
2003,Rheumatoid arthritis and arthrosis (M05-M06 M15-M19),555
2003,Diseases of the genitourinary system  (N00-N99),4 437
2003,Diseases of kidney and ureter,3 269
2003,Pregnancy  childbirth and the puerperium (O00-O99),66
2003,Certain conditions originating in the perinatal period (P00-P96),673
2003,Congenital malformations  deformations and chromosomal abnormalities (Q00-Q99),774
2003,Congenital malformations of the nervous system,82
2003,Congenital malformations of the circulatory system,287
2003,Symptoms  signs and abnormal clinical and laboratory findings  not elsewhere classified (R00-R99),22 274
2003,Sudden infant death syndrome,90
2003,Ill-defined and unknown causes of mortality,6 174
2003,External causes of morbidity and mortality (V01-Y89),17 542
2003,Accidents,13 624
2003,Transport accidents (V01-V99),1 538
2003,Falls,3 149
2003,Accidental poisoning by and exposure to noxious substances,507
2003,Intentional self-harm,2 864
2003,Assault,197
2003,Event of undetermined intent,121
2004,All causes of death (A00-Y89) excluding S00-T98,268 653
2004,Certain infectious and parasitic diseases (A00-B99),5 067
2004,Tuberculosis,433
2004,Meningococcal infection,18
2004,Viral hepatitis,399
2004,Human immunodeficiency virus [HIV] disease,766
2004,Neoplasms,92 071
2004,Malignant neoplasms (C00-C97),88 852
2004,Malignant neoplasm of lip  oral cavity  pharynx,3 623
2004,Malignant neoplasm of oesophagus,3 257
2004,Malignant neoplasm of stomach,3 216
2004,Malignant neoplasm of colon,6 541
2004,Malignant neoplasm of rectosigmoid junction  rectum  anus and anal canal,2 363
2004,Malignant neoplasm of liver and intrahepatic bile ducts,5 345
2004,Malignant neoplasm of pancreas,4 088
2004,Malignant neoplasm of larynx   trachea  bronchus and lung,22 965
2004,Malignant melanoma of skin,775
2004,Malignant neoplasm of breast,206
2004,Malignant neoplasm of cervix uteri,:
2004,Malignant neoplasm of other parts of uterus,:
2004,Malignant neoplasm of ovary,:
2004,Malignant neoplasm of prostate,9 398
2004,Malignant neoplasm of kidney  except renal pelvis,1 960
2004,Malignant neoplasm of bladder,3 460
2004,Malignant neoplasms  stated or presumed to be primary  of lymphoid  haematopoietic and related tissue,6 625
2004,Diseases of the blood and blood-forming organs and certain disorders involving the immune mechanism,1 003
2004,Endocrine  nutritional and metabolic diseases (E00-E90),8 426
2004,Diabetes mellitus,5 344
2004,Mental and behavioural disorders (F00-F99),6 921
2004,Mental and behavioural disorders due to use of alcohol,2 371
2004,Drug dependence  toxicomania (F11-F16  F18-F19),144
2004,Diseases of the nervous system and the sense organs (G00-H95),9 980
2004,Meningitis,83
2004,Diseases of the circulatory system (I00-I99),70 815
2004,Ischaemic heart diseases,23 420
2004,Other heart diseases (I30-I33  I39-I52),18 837
2004,Cerebrovascular diseases,14 515
2004,Diseases of the respiratory system (J00-J99),16 230
2004,Influenza,56
2004,Pneumonia,4 506
2004,Chronic lower respiratory diseases,5 446
2004,Asthma and status asthmaticus,410
2004,Diseases of the digestive system (K00-K93),12 538
2004,Ulcer of stomach  duodenum and jejunum,412
2004,Chronic liver disease,5 601
2004,Diseases of the skin and subcutaneous tissue (L00-L99),555
2004,Diseases of the musculoskeletal system and connective tissue (M00-M99),1 251
2004,Rheumatoid arthritis and arthrosis (M05-M06 M15-M19),152
2004,Diseases of the genitourinary system  (N00-N99),3 973
2004,Diseases of kidney and ureter,3 106
2004,Pregnancy  childbirth and the puerperium (O00-O99),:
2004,Certain conditions originating in the perinatal period (P00-P96),889
2004,Congenital malformations  deformations and chromosomal abnormalities (Q00-Q99),831
2004,Congenital malformations of the nervous system,87
2004,Congenital malformations of the circulatory system,340
2004,Symptoms  signs and abnormal clinical and laboratory findings  not elsewhere classified (R00-R99),14 974
2004,Sudden infant death syndrome,160
2004,Ill-defined and unknown causes of mortality,6 642
2004,External causes of morbidity and mortality (V01-Y89),23 129
2004,Accidents,13 599
2004,Transport accidents (V01-V99),4 237
2004,Falls,2 625
2004,Accidental poisoning by and exposure to noxious substances,467
2004,Intentional self-harm,8 000
2004,Assault,311
2004,Event of undetermined intent,399
2004,All causes of death (A00-Y89) excluding S00-T98,250 788
2004,Certain infectious and parasitic diseases (A00-B99),4 824
2004,Tuberculosis,404
2004,Meningococcal infection,18
2004,Viral hepatitis,342
2004,Human immunodeficiency virus [HIV] disease,252
2004,Neoplasms,62 907
2004,Malignant neoplasms (C00-C97),59 794
2004,Malignant neoplasm of lip  oral cavity  pharynx,740
2004,Malignant neoplasm of oesophagus,697
2004,Malignant neoplasm of stomach,1 894
2004,Malignant neoplasm of colon,5 853
2004,Malignant neoplasm of rectosigmoid junction  rectum  anus and anal canal,1 879
2004,Malignant neoplasm of liver and intrahepatic bile ducts,1 839
2004,Malignant neoplasm of pancreas,3 773
2004,Malignant neoplasm of larynx   trachea  bronchus and lung,5 677
2004,Malignant melanoma of skin,661
2004,Malignant neoplasm of breast,11 333
2004,Malignant neoplasm of cervix uteri,768
2004,Malignant neoplasm of other parts of uterus,2 254
2004,Malignant neoplasm of ovary,3 272
2004,Malignant neoplasm of prostate,:
2004,Malignant neoplasm of kidney  except renal pelvis,1 089
2004,Malignant neoplasm of bladder,1 153
2004,Malignant neoplasms  stated or presumed to be primary  of lymphoid  haematopoietic and related tissue,5 894
2004,Diseases of the blood and blood-forming organs and certain disorders involving the immune mechanism,1 161
2004,Endocrine  nutritional and metabolic diseases (E00-E90),11 101
2004,Diabetes mellitus,6 053
2004,Mental and behavioural disorders (F00-F99),9 372
2004,Mental and behavioural disorders due to use of alcohol,581
2004,Drug dependence  toxicomania (F11-F16  F18-F19),22
2004,Diseases of the nervous system and the sense organs (G00-H95),13 853
2004,Meningitis,97
2004,Diseases of the circulatory system (I00-I99),79 510
2004,Ischaemic heart diseases,17 812
2004,Other heart diseases (I30-I33  I39-I52),24 405
2004,Cerebrovascular diseases,20 024
2004,Diseases of the respiratory system (J00-J99),14 563
2004,Influenza,107
2004,Pneumonia,5 176
2004,Chronic lower respiratory diseases,3 286
2004,Asthma and status asthmaticus,753
2004,Diseases of the digestive system (K00-K93),10 809
2004,Ulcer of stomach  duodenum and jejunum,431
2004,Chronic liver disease,2 327
2004,Diseases of the skin and subcutaneous tissue (L00-L99),1 354
2004,Diseases of the musculoskeletal system and connective tissue (M00-M99),2 279
2004,Rheumatoid arthritis and arthrosis (M05-M06 M15-M19),475
2004,Diseases of the genitourinary system  (N00-N99),4 052
2004,Diseases of kidney and ureter,3 194
2004,Pregnancy  childbirth and the puerperium (O00-O99),61
2004,Certain conditions originating in the perinatal period (P00-P96),676
2004,Congenital malformations  deformations and chromosomal abnormalities (Q00-Q99),745
2004,Congenital malformations of the nervous system,74
2004,Congenital malformations of the circulatory system,293
2004,Symptoms  signs and abnormal clinical and laboratory findings  not elsewhere classified (R00-R99),18 342
2004,Sudden infant death syndrome,106
2004,Ill-defined and unknown causes of mortality,5 143
2004,External causes of morbidity and mortality (V01-Y89),15 179
2004,Accidents,11 078
2004,Transport accidents (V01-V99),1 390
2004,Falls,2 799
2004,Accidental poisoning by and exposure to noxious substances,466
2004,Intentional self-harm,2 979
2004,Assault,213
2004,Event of undetermined intent,87
2005,All causes of death (A00-Y89) excluding S00-T98,276 553
2005,Certain infectious and parasitic diseases (A00-B99),5 206
2005,Tuberculosis,443
2005,Meningococcal infection,12
2005,Viral hepatitis,430
2005,Human immunodeficiency virus [HIV] disease,685
2005,Neoplasms,93 550
2005,Malignant neoplasms (C00-C97),90 157
2005,Malignant neoplasm of lip  oral cavity  pharynx,3 442
2005,Malignant neoplasm of oesophagus,3 323
2005,Malignant neoplasm of stomach,3 177
2005,Malignant neoplasm of colon,6 461
2005,Malignant neoplasm of rectosigmoid junction  rectum  anus and anal canal,2 395
2005,Malignant neoplasm of liver and intrahepatic bile ducts,5 516
2005,Malignant neoplasm of pancreas,4 235
2005,Malignant neoplasm of larynx   trachea  bronchus and lung,23 467
2005,Malignant melanoma of skin,810
2005,Malignant neoplasm of breast,203
2005,Malignant neoplasm of cervix uteri,:
2005,Malignant neoplasm of other parts of uterus,:
2005,Malignant neoplasm of ovary,:
2005,Malignant neoplasm of prostate,9 393
2005,Malignant neoplasm of kidney  except renal pelvis,1 977
2005,Malignant neoplasm of bladder,3 611
2005,Malignant neoplasms  stated or presumed to be primary  of lymphoid  haematopoietic and related tissue,6 785
2005,Diseases of the blood and blood-forming organs and certain disorders involving the immune mechanism,983
2005,Endocrine  nutritional and metabolic diseases (E00-E90),8 597
2005,Diabetes mellitus,5 594
2005,Mental and behavioural disorders (F00-F99),7 424
2005,Mental and behavioural disorders due to use of alcohol,2 534
2005,Drug dependence  toxicomania (F11-F16  F18-F19),145
2005,Diseases of the nervous system and the sense organs (G00-H95),11 207
2005,Meningitis,83
2005,Diseases of the circulatory system (I00-I99),71 557
2005,Ischaemic heart diseases,23 300
2005,Other heart diseases (I30-I33  I39-I52),19 344
2005,Cerebrovascular diseases,14 844
2005,Diseases of the respiratory system (J00-J99),18 366
2005,Influenza,368
2005,Pneumonia,5 225
2005,Chronic lower respiratory diseases,6 026
2005,Asthma and status asthmaticus,433
2005,Diseases of the digestive system (K00-K93),12 758
2005,Ulcer of stomach  duodenum and jejunum,466
2005,Chronic liver disease,5 579
2005,Diseases of the skin and subcutaneous tissue (L00-L99),535
2005,Diseases of the musculoskeletal system and connective tissue (M00-M99),1 256
2005,Rheumatoid arthritis and arthrosis (M05-M06 M15-M19),149
2005,Diseases of the genitourinary system  (N00-N99),4 184
2005,Diseases of kidney and ureter,3 228
2005,Pregnancy  childbirth and the puerperium (O00-O99),:
2005,Certain conditions originating in the perinatal period (P00-P96),867
2005,Congenital malformations  deformations and chromosomal abnormalities (Q00-Q99),828
2005,Congenital malformations of the nervous system,63
2005,Congenital malformations of the circulatory system,312
2005,Symptoms  signs and abnormal clinical and laboratory findings  not elsewhere classified (R00-R99),15 836
2005,Sudden infant death syndrome,165
2005,Ill-defined and unknown causes of mortality,7 084
2005,External causes of morbidity and mortality (V01-Y89),23 399
2005,Accidents,13 944
2005,Transport accidents (V01-V99),4 204
2005,Falls,2 635
2005,Accidental poisoning by and exposure to noxious substances,571
2005,Intentional self-harm,7 958
2005,Assault,326
2005,Event of undetermined intent,376
2005,All causes of death (A00-Y89) excluding S00-T98,261 633
2005,Certain infectious and parasitic diseases (A00-B99),5 063
2005,Tuberculosis,418
2005,Meningococcal infection,19
2005,Viral hepatitis,355
2005,Human immunodeficiency virus [HIV] disease,232
2005,Neoplasms,64 281
2005,Malignant neoplasms (C00-C97),61 027
2005,Malignant neoplasm of lip  oral cavity  pharynx,754
2005,Malignant neoplasm of oesophagus,674
2005,Malignant neoplasm of stomach,1 867
2005,Malignant neoplasm of colon,5 990
2005,Malignant neoplasm of rectosigmoid junction  rectum  anus and anal canal,1 968
2005,Malignant neoplasm of liver and intrahepatic bile ducts,1 922
2005,Malignant neoplasm of pancreas,3 907
2005,Malignant neoplasm of larynx   trachea  bronchus and lung,6 127
2005,Malignant melanoma of skin,716
2005,Malignant neoplasm of breast,11 466
2005,Malignant neoplasm of cervix uteri,761
2005,Malignant neoplasm of other parts of uterus,2 288
2005,Malignant neoplasm of ovary,3 349
2005,Malignant neoplasm of prostate,:
2005,Malignant neoplasm of kidney  except renal pelvis,1 156
2005,Malignant neoplasm of bladder,1 139
2005,Malignant neoplasms  stated or presumed to be primary  of lymphoid  haematopoietic and related tissue,6 018
2005,Diseases of the blood and blood-forming organs and certain disorders involving the immune mechanism,1 231
2005,Endocrine  nutritional and metabolic diseases (E00-E90),11 367
2005,Diabetes mellitus,6 210
2005,Mental and behavioural disorders (F00-F99),9 949
2005,Mental and behavioural disorders due to use of alcohol,639
2005,Drug dependence  toxicomania (F11-F16  F18-F19),30
2005,Diseases of the nervous system and the sense organs (G00-H95),15 615
2005,Meningitis,79
2005,Diseases of the circulatory system (I00-I99),81 322
2005,Ischaemic heart diseases,17 842
2005,Other heart diseases (I30-I33  I39-I52),25 664
2005,Cerebrovascular diseases,20 076
2005,Diseases of the respiratory system (J00-J99),17 268
2005,Influenza,643
2005,Pneumonia,6 132
2005,Chronic lower respiratory diseases,3 676
2005,Asthma and status asthmaticus,758
2005,Diseases of the digestive system (K00-K93),10 950
2005,Ulcer of stomach  duodenum and jejunum,423
2005,Chronic liver disease,2 340
2005,Diseases of the skin and subcutaneous tissue (L00-L99),1 256
2005,Diseases of the musculoskeletal system and connective tissue (M00-M99),2 370
2005,Rheumatoid arthritis and arthrosis (M05-M06 M15-M19),510
2005,Diseases of the genitourinary system  (N00-N99),4 386
2005,Diseases of kidney and ureter,3 411
2005,Pregnancy  childbirth and the puerperium (O00-O99),47
2005,Certain conditions originating in the perinatal period (P00-P96),661
2005,Congenital malformations  deformations and chromosomal abnormalities (Q00-Q99),717
2005,Congenital malformations of the nervous system,59
2005,Congenital malformations of the circulatory system,268
2005,Symptoms  signs and abnormal clinical and laboratory findings  not elsewhere classified (R00-R99),19 781
2005,Sudden infant death syndrome,94
2005,Ill-defined and unknown causes of mortality,5 884
2005,External causes of morbidity and mortality (V01-Y89),15 369
2005,Accidents,11 370
2005,Transport accidents (V01-V99),1 404
2005,Falls,2 775
2005,Accidental poisoning by and exposure to noxious substances,464
2005,Intentional self-harm,2 937
2005,Assault,168
2005,Event of undetermined intent,67
2006,All causes of death (A00-Y89) excluding S00-T98,271 406
2006,Certain infectious and parasitic diseases (A00-B99),5 331
2006,Tuberculosis,402
2006,Meningococcal infection,14
2006,Viral hepatitis,407
2006,Human immunodeficiency virus [HIV] disease,668
2006,Neoplasms,93 207
2006,Malignant neoplasms (C00-C97),89 915
2006,Malignant neoplasm of lip  oral cavity  pharynx,3 473
2006,Malignant neoplasm of oesophagus,3 193
2006,Malignant neoplasm of stomach,3 166
2006,Malignant neoplasm of colon,6 379
2006,Malignant neoplasm of rectosigmoid junction  rectum  anus and anal canal,2 422
2006,Malignant neoplasm of liver and intrahepatic bile ducts,5 578
2006,Malignant neoplasm of pancreas,4 307
2006,Malignant neoplasm of larynx   trachea  bronchus and lung,23 519
2006,Malignant melanoma of skin,818
2006,Malignant neoplasm of breast,191
2006,Malignant neoplasm of cervix uteri,:
2006,Malignant neoplasm of other parts of uterus,:
2006,Malignant neoplasm of ovary,:
2006,Malignant neoplasm of prostate,9 236
2006,Malignant neoplasm of kidney  except renal pelvis,2 034
2006,Malignant neoplasm of bladder,3 579
2006,Malignant neoplasms  stated or presumed to be primary  of lymphoid  haematopoietic and related tissue,6 836
2006,Diseases of the blood and blood-forming organs and certain disorders involving the immune mechanism,962
2006,Endocrine  nutritional and metabolic diseases (E00-E90),8 372
2006,Diabetes mellitus,5 433
2006,Mental and behavioural disorders (F00-F99),7 201
2006,Mental and behavioural disorders due to use of alcohol,2 477
2006,Drug dependence  toxicomania (F11-F16  F18-F19),176
2006,Diseases of the nervous system and the sense organs (G00-H95),11 398
2006,Meningitis,78
2006,Diseases of the circulatory system (I00-I99),69 625
2006,Ischaemic heart diseases,22 363
2006,Other heart diseases (I30-I33  I39-I52),18 915
2006,Cerebrovascular diseases,14 235
2006,Diseases of the respiratory system (J00-J99),16 581
2006,Influenza,50
2006,Pneumonia,4 653
2006,Chronic lower respiratory diseases,5 511
2006,Asthma and status asthmaticus,388
2006,Diseases of the digestive system (K00-K93),12 758
2006,Ulcer of stomach  duodenum and jejunum,398
2006,Chronic liver disease,5 554
2006,Diseases of the skin and subcutaneous tissue (L00-L99),546
2006,Diseases of the musculoskeletal system and connective tissue (M00-M99),1 234
2006,Rheumatoid arthritis and arthrosis (M05-M06 M15-M19),137
2006,Diseases of the genitourinary system  (N00-N99),4 192
2006,Diseases of kidney and ureter,3 258
2006,Pregnancy  childbirth and the puerperium (O00-O99),:
2006,Certain conditions originating in the perinatal period (P00-P96),910
2006,Congenital malformations  deformations and chromosomal abnormalities (Q00-Q99),843
2006,Congenital malformations of the nervous system,84
2006,Congenital malformations of the circulatory system,330
2006,Symptoms  signs and abnormal clinical and laboratory findings  not elsewhere classified (R00-R99),15 332
2006,Sudden infant death syndrome,144
2006,Ill-defined and unknown causes of mortality,6 860
2006,External causes of morbidity and mortality (V01-Y89),22 914
2006,Accidents,13 524
2006,Transport accidents (V01-V99),3 828
2006,Falls,2 610
2006,Accidental poisoning by and exposure to noxious substances,555
2006,Intentional self-harm,7 740
2006,Assault,327
2006,Event of undetermined intent,414
2006,All causes of death (A00-Y89) excluding S00-T98,255 160
2006,Certain infectious and parasitic diseases (A00-B99),4 961
2006,Tuberculosis,341
2006,Meningococcal infection,17
2006,Viral hepatitis,335
2006,Human immunodeficiency virus [HIV] disease,218
2006,Neoplasms,64 651
2006,Malignant neoplasms (C00-C97),61 464
2006,Malignant neoplasm of lip  oral cavity  pharynx,734
2006,Malignant neoplasm of oesophagus,719
2006,Malignant neoplasm of stomach,1 784
2006,Malignant neoplasm of colon,5 917
2006,Malignant neoplasm of rectosigmoid junction  rectum  anus and anal canal,1 892
2006,Malignant neoplasm of liver and intrahepatic bile ducts,1 972
2006,Malignant neoplasm of pancreas,4 049
2006,Malignant neoplasm of larynx   trachea  bronchus and lung,6 534
2006,Malignant melanoma of skin,741
2006,Malignant neoplasm of breast,11 584
2006,Malignant neoplasm of cervix uteri,744
2006,Malignant neoplasm of other parts of uterus,2 389
2006,Malignant neoplasm of ovary,3 363
2006,Malignant neoplasm of prostate,:
2006,Malignant neoplasm of kidney  except renal pelvis,1 110
2006,Malignant neoplasm of bladder,1 156
2006,Malignant neoplasms  stated or presumed to be primary  of lymphoid  haematopoietic and related tissue,5 879
2006,Diseases of the blood and blood-forming organs and certain disorders involving the immune mechanism,1 272
2006,Endocrine  nutritional and metabolic diseases (E00-E90),11 117
2006,Diabetes mellitus,6 086
2006,Mental and behavioural disorders (F00-F99),9 632
2006,Mental and behavioural disorders due to use of alcohol,619
2006,Drug dependence  toxicomania (F11-F16  F18-F19),25
2006,Diseases of the nervous system and the sense organs (G00-H95),16 212
2006,Meningitis,76
2006,Diseases of the circulatory system (I00-I99),78 832
2006,Ischaemic heart diseases,17 030
2006,Other heart diseases (I30-I33  I39-I52),25 073
2006,Cerebrovascular diseases,19 390
2006,Diseases of the respiratory system (J00-J99),14 546
2006,Influenza,77
2006,Pneumonia,5 190
2006,Chronic lower respiratory diseases,3 305
2006,Asthma and status asthmaticus,657
2006,Diseases of the digestive system (K00-K93),10 820
2006,Ulcer of stomach  duodenum and jejunum,393
2006,Chronic liver disease,2 308
2006,Diseases of the skin and subcutaneous tissue (L00-L99),1 284
2006,Diseases of the musculoskeletal system and connective tissue (M00-M99),2 305
2006,Rheumatoid arthritis and arthrosis (M05-M06 M15-M19),449
2006,Diseases of the genitourinary system  (N00-N99),4 331
2006,Diseases of kidney and ureter,3 391
2006,Pregnancy  childbirth and the puerperium (O00-O99),68
2006,Certain conditions originating in the perinatal period (P00-P96),638
2006,Congenital malformations  deformations and chromosomal abnormalities (Q00-Q99),724
2006,Congenital malformations of the nervous system,64
2006,Congenital malformations of the circulatory system,292
2006,Symptoms  signs and abnormal clinical and laboratory findings  not elsewhere classified (R00-R99),18 966
2006,Sudden infant death syndrome,113
2006,Ill-defined and unknown causes of mortality,5 473
2006,External causes of morbidity and mortality (V01-Y89),14 801
2006,Accidents,10 861
2006,Transport accidents (V01-V99),1 197
2006,Falls,2 709
2006,Accidental poisoning by and exposure to noxious substances,510
2006,Intentional self-harm,2 861
2006,Assault,159
2006,Event of undetermined intent,76
2007,All causes of death (A00-Y89) excluding S00-T98,273 401
2007,Certain infectious and parasitic diseases (A00-B99),5 266
2007,Tuberculosis,364
2007,Meningococcal infection,17
2007,Viral hepatitis,408
2007,Human immunodeficiency virus [HIV] disease,597
2007,Neoplasms,93 773
2007,Malignant neoplasms (C00-C97),90 397
2007,Malignant neoplasm of lip  oral cavity  pharynx,3 317
2007,Malignant neoplasm of oesophagus,3 196
2007,Malignant neoplasm of stomach,3 123
2007,Malignant neoplasm of colon,6 416
2007,Malignant neoplasm of rectosigmoid junction  rectum  anus and anal canal,2 357
2007,Malignant neoplasm of liver and intrahepatic bile ducts,5 529
2007,Malignant neoplasm of pancreas,4 493
2007,Malignant neoplasm of larynx   trachea  bronchus and lung,23 584
2007,Malignant melanoma of skin,879
2007,Malignant neoplasm of breast,225
2007,Malignant neoplasm of cervix uteri,:
2007,Malignant neoplasm of other parts of uterus,:
2007,Malignant neoplasm of ovary,:
2007,Malignant neoplasm of prostate,9 297
2007,Malignant neoplasm of kidney  except renal pelvis,2 015
2007,Malignant neoplasm of bladder,3 674
2007,Malignant neoplasms  stated or presumed to be primary  of lymphoid  haematopoietic and related tissue,6 958
2007,Diseases of the blood and blood-forming organs and certain disorders involving the immune mechanism,1 025
2007,Endocrine  nutritional and metabolic diseases (E00-E90),8 392
2007,Diabetes mellitus,5 367
2007,Mental and behavioural disorders (F00-F99),7 420
2007,Mental and behavioural disorders due to use of alcohol,2 438
2007,Drug dependence  toxicomania (F11-F16  F18-F19),172
2007,Diseases of the nervous system and the sense organs (G00-H95),11 612
2007,Meningitis,79
2007,Diseases of the circulatory system (I00-I99),69 630
2007,Ischaemic heart diseases,22 027
2007,Other heart diseases (I30-I33  I39-I52),19 416
2007,Cerebrovascular diseases,14 085
2007,Diseases of the respiratory system (J00-J99),17 257
2007,Influenza,96
2007,Pneumonia,5 118
2007,Chronic lower respiratory diseases,5 649
2007,Asthma and status asthmaticus,368
2007,Diseases of the digestive system (K00-K93),12 641
2007,Ulcer of stomach  duodenum and jejunum,398
2007,Chronic liver disease,5 453
2007,Diseases of the skin and subcutaneous tissue (L00-L99),504
2007,Diseases of the musculoskeletal system and connective tissue (M00-M99),1 138
2007,Rheumatoid arthritis and arthrosis (M05-M06 M15-M19),138
2007,Diseases of the genitourinary system  (N00-N99),4 180
2007,Diseases of kidney and ureter,3 239
2007,Pregnancy  childbirth and the puerperium (O00-O99),:
2007,Certain conditions originating in the perinatal period (P00-P96),859
2007,Congenital malformations  deformations and chromosomal abnormalities (Q00-Q99),899
2007,Congenital malformations of the nervous system,69
2007,Congenital malformations of the circulatory system,354
2007,Symptoms  signs and abnormal clinical and laboratory findings  not elsewhere classified (R00-R99),16 045
2007,Sudden infant death syndrome,133
2007,Ill-defined and unknown causes of mortality,7 022
2007,External causes of morbidity and mortality (V01-Y89),22 760
2007,Accidents,13 585
2007,Transport accidents (V01-V99),3 697
2007,Falls,2 657
2007,Accidental poisoning by and exposure to noxious substances,709
2007,Intentional self-harm,7 559
2007,Assault,268
2007,Event of undetermined intent,425
2007,All causes of death (A00-Y89) excluding S00-T98,257 419
2007,Certain infectious and parasitic diseases (A00-B99),4 938
2007,Tuberculosis,318
2007,Meningococcal infection,17
2007,Viral hepatitis,317
2007,Human immunodeficiency virus [HIV] disease,197
2007,Neoplasms,64 724
2007,Malignant neoplasms (C00-C97),61 499
2007,Malignant neoplasm of lip  oral cavity  pharynx,733
2007,Malignant neoplasm of oesophagus,780
2007,Malignant neoplasm of stomach,1 734
2007,Malignant neoplasm of colon,5 937
2007,Malignant neoplasm of rectosigmoid junction  rectum  anus and anal canal,1 842
2007,Malignant neoplasm of liver and intrahepatic bile ducts,1 937
2007,Malignant neoplasm of pancreas,4 246
2007,Malignant neoplasm of larynx   trachea  bronchus and lung,6 729
2007,Malignant melanoma of skin,675
2007,Malignant neoplasm of breast,11 522
2007,Malignant neoplasm of cervix uteri,714
2007,Malignant neoplasm of other parts of uterus,2 481
2007,Malignant neoplasm of ovary,3 393
2007,Malignant neoplasm of prostate,:
2007,Malignant neoplasm of kidney  except renal pelvis,1 021
2007,Malignant neoplasm of bladder,1 183
2007,Malignant neoplasms  stated or presumed to be primary  of lymphoid  haematopoietic and related tissue,5 887
2007,Diseases of the blood and blood-forming organs and certain disorders involving the immune mechanism,1 163
2007,Endocrine  nutritional and metabolic diseases (E00-E90),11 019
2007,Diabetes mellitus,6 134
2007,Mental and behavioural disorders (F00-F99),9 692
2007,Mental and behavioural disorders due to use of alcohol,601
2007,Drug dependence  toxicomania (F11-F16  F18-F19),27
2007,Diseases of the nervous system and the sense organs (G00-H95),17 305
2007,Meningitis,89
2007,Diseases of the circulatory system (I00-I99),78 472
2007,Ischaemic heart diseases,16 663
2007,Other heart diseases (I30-I33  I39-I52),25 355
2007,Cerebrovascular diseases,18 724
2007,Diseases of the respiratory system (J00-J99),15 348
2007,Influenza,153
2007,Pneumonia,5 401
2007,Chronic lower respiratory diseases,3 539
2007,Asthma and status asthmaticus,694
2007,Diseases of the digestive system (K00-K93),10 833
2007,Ulcer of stomach  duodenum and jejunum,413
2007,Chronic liver disease,2 321
2007,Diseases of the skin and subcutaneous tissue (L00-L99),1 200
2007,Diseases of the musculoskeletal system and connective tissue (M00-M99),2 317
2007,Rheumatoid arthritis and arthrosis (M05-M06 M15-M19),494
2007,Diseases of the genitourinary system  (N00-N99),4 528
2007,Diseases of kidney and ureter,3 551
2007,Pregnancy  childbirth and the puerperium (O00-O99),70
2007,Certain conditions originating in the perinatal period (P00-P96),642
2007,Congenital malformations  deformations and chromosomal abnormalities (Q00-Q99),711
2007,Congenital malformations of the nervous system,52
2007,Congenital malformations of the circulatory system,254
2007,Symptoms  signs and abnormal clinical and laboratory findings  not elsewhere classified (R00-R99),19 640
2007,Sudden infant death syndrome,85
2007,Ill-defined and unknown causes of mortality,5 703
2007,External causes of morbidity and mortality (V01-Y89),14 817
2007,Accidents,10 951
2007,Transport accidents (V01-V99),1 162
2007,Falls,2 832
2007,Accidental poisoning by and exposure to noxious substances,517
2007,Intentional self-harm,2 744
2007,Assault,166
2007,Event of undetermined intent,82
2008,All causes of death (A00-Y89) excluding S00-T98,277 598
2008,Certain infectious and parasitic diseases (A00-B99),5 434
2008,Tuberculosis,343
2008,Meningococcal infection,18
2008,Viral hepatitis,462
2008,Human immunodeficiency virus [HIV] disease,518
2008,Neoplasms,93 872
2008,Malignant neoplasms (C00-C97),90 481
2008,Malignant neoplasm of lip  oral cavity  pharynx,3 217
2008,Malignant neoplasm of oesophagus,3 175
2008,Malignant neoplasm of stomach,3 020
2008,Malignant neoplasm of colon,6 505
2008,Malignant neoplasm of rectosigmoid junction  rectum  anus and anal canal,2 533
2008,Malignant neoplasm of liver and intrahepatic bile ducts,5 544
2008,Malignant neoplasm of pancreas,4 767
2008,Malignant neoplasm of larynx   trachea  bronchus and lung,23 491
2008,Malignant melanoma of skin,916
2008,Malignant neoplasm of breast,195
2008,Malignant neoplasm of cervix uteri,:
2008,Malignant neoplasm of other parts of uterus,:
2008,Malignant neoplasm of ovary,:
2008,Malignant neoplasm of prostate,9 195
2008,Malignant neoplasm of kidney  except renal pelvis,2 059
2008,Malignant neoplasm of bladder,3 527
2008,Malignant neoplasms  stated or presumed to be primary  of lymphoid  haematopoietic and related tissue,7 043
2008,Diseases of the blood and blood-forming organs and certain disorders involving the immune mechanism,1 004
2008,Endocrine  nutritional and metabolic diseases (E00-E90),8 892
2008,Diabetes mellitus,5 615
2008,Mental and behavioural disorders (F00-F99),7 718
2008,Mental and behavioural disorders due to use of alcohol,2 510
2008,Drug dependence  toxicomania (F11-F16  F18-F19),171
2008,Diseases of the nervous system and the sense organs (G00-H95),12 373
2008,Meningitis,79
2008,Diseases of the circulatory system (I00-I99),69 721
2008,Ischaemic heart diseases,21 842
2008,Other heart diseases (I30-I33  I39-I52),19 698
2008,Cerebrovascular diseases,13 951
2008,Diseases of the respiratory system (J00-J99),17 516
2008,Influenza,82
2008,Pneumonia,5 107
2008,Chronic lower respiratory diseases,5 808
2008,Asthma and status asthmaticus,336
2008,Diseases of the digestive system (K00-K93),12 981
2008,Ulcer of stomach  duodenum and jejunum,440
2008,Chronic liver disease,5 440
2008,Diseases of the skin and subcutaneous tissue (L00-L99),532
2008,Diseases of the musculoskeletal system and connective tissue (M00-M99),1 344
2008,Rheumatoid arthritis and arthrosis (M05-M06 M15-M19),136
2008,Diseases of the genitourinary system  (N00-N99),4 540
2008,Diseases of kidney and ureter,3 559
2008,Pregnancy  childbirth and the puerperium (O00-O99),:
2008,Certain conditions originating in the perinatal period (P00-P96),876
2008,Congenital malformations  deformations and chromosomal abnormalities (Q00-Q99),762
2008,Congenital malformations of the nervous system,68
2008,Congenital malformations of the circulatory system,279
2008,Symptoms  signs and abnormal clinical and laboratory findings  not elsewhere classified (R00-R99),16 895
2008,Sudden infant death syndrome,152
2008,Ill-defined and unknown causes of mortality,7 323
2008,External causes of morbidity and mortality (V01-Y89),23 138
2008,Accidents,13 815
2008,Transport accidents (V01-V99),3 506
2008,Falls,2 836
2008,Accidental poisoning by and exposure to noxious substances,785
2008,Intentional self-harm,7 797
2008,Assault,347
2008,Event of undetermined intent,300
2008,All causes of death (A00-Y89) excluding S00-T98,265 541
2008,Certain infectious and parasitic diseases (A00-B99),5 486
2008,Tuberculosis,310
2008,Meningococcal infection,17
2008,Viral hepatitis,359
2008,Human immunodeficiency virus [HIV] disease,180
2008,Neoplasms,66 897
2008,Malignant neoplasms (C00-C97),63 494
2008,Malignant neoplasm of lip  oral cavity  pharynx,762
2008,Malignant neoplasm of oesophagus,776
2008,Malignant neoplasm of stomach,1 821
2008,Malignant neoplasm of colon,6 156
2008,Malignant neoplasm of rectosigmoid junction  rectum  anus and anal canal,1 959
2008,Malignant neoplasm of liver and intrahepatic bile ducts,2 119
2008,Malignant neoplasm of pancreas,4 404
2008,Malignant neoplasm of larynx   trachea  bronchus and lung,7 043
2008,Malignant melanoma of skin,750
2008,Malignant neoplasm of breast,11 781
2008,Malignant neoplasm of cervix uteri,776
2008,Malignant neoplasm of other parts of uterus,2 434
2008,Malignant neoplasm of ovary,3 458
2008,Malignant neoplasm of prostate,:
2008,Malignant neoplasm of kidney  except renal pelvis,1 049
2008,Malignant neoplasm of bladder,1 177
2008,Malignant neoplasms  stated or presumed to be primary  of lymphoid  haematopoietic and related tissue,6 099
2008,Diseases of the blood and blood-forming organs and certain disorders involving the immune mechanism,1 252
2008,Endocrine  nutritional and metabolic diseases (E00-E90),11 286
2008,Diabetes mellitus,6 098
2008,Mental and behavioural disorders (F00-F99),9 962
2008,Mental and behavioural disorders due to use of alcohol,629
2008,Drug dependence  toxicomania (F11-F16  F18-F19),31
2008,Diseases of the nervous system and the sense organs (G00-H95),18 698
2008,Meningitis,75
2008,Diseases of the circulatory system (I00-I99),79 820
2008,Ischaemic heart diseases,16 464
2008,Other heart diseases (I30-I33  I39-I52),26 136
2008,Cerebrovascular diseases,19 211
2008,Diseases of the respiratory system (J00-J99),15 743
2008,Influenza,124
2008,Pneumonia,5 701
2008,Chronic lower respiratory diseases,3 483
2008,Asthma and status asthmaticus,613
2008,Diseases of the digestive system (K00-K93),11 049
2008,Ulcer of stomach  duodenum and jejunum,448
2008,Chronic liver disease,2 234
2008,Diseases of the skin and subcutaneous tissue (L00-L99),1 124
2008,Diseases of the musculoskeletal system and connective tissue (M00-M99),2 399
2008,Rheumatoid arthritis and arthrosis (M05-M06 M15-M19),505
2008,Diseases of the genitourinary system  (N00-N99),4 676
2008,Diseases of kidney and ureter,3 606
2008,Pregnancy  childbirth and the puerperium (O00-O99),64
2008,Certain conditions originating in the perinatal period (P00-P96),695
2008,Congenital malformations  deformations and chromosomal abnormalities (Q00-Q99),740
2008,Congenital malformations of the nervous system,59
2008,Congenital malformations of the circulatory system,261
2008,Symptoms  signs and abnormal clinical and laboratory findings  not elsewhere classified (R00-R99),20 789
2008,Sudden infant death syndrome,109
2008,Ill-defined and unknown causes of mortality,6 305
2008,External causes of morbidity and mortality (V01-Y89),14 861
2008,Accidents,11 051
2008,Transport accidents (V01-V99),1 045
2008,Falls,2 815
2008,Accidental poisoning by and exposure to noxious substances,630
2008,Intentional self-harm,2 768
2008,Assault,166
2008,Event of undetermined intent,68
